Name,Material Type,Application,Strength,Water Resistance,Cost,Durability,Eco-Friendly
Fly Ash Bricks,Bricks,Construction & Infrastructure,High,Medium,Medium,High,Yes
Clay Red Bricks,Bricks,Traditional Residential Buildings,Medium,Low,Low,High,Yes
Concrete Blocks,Bricks,Structural Support & Walls,High,High,High,High,Yes
AAC Blocks,Bricks,Lightweight Construction,Medium,High,Medium,Medium,Yes
Fire Resistant Bricks,Bricks,Industrial & Chimneys,High,High,High,High,Yes
Hollow Bricks,Bricks,Energy-efficient Homes,Medium,Medium,Medium,High,Yes
Porous Bricks,Bricks,Soundproofing & Insulation,Medium,High,Medium,Medium,Yes
Sand Lime Bricks,Bricks,Durable & Strong Walls,High,Medium,High,High,Yes
Burnt Clay Bricks,Bricks,Traditional Housing,Medium,Low,Low,High,Yes
Compressed Earth Bricks,Bricks,Eco-Friendly Construction,Medium,High,Low,High,Yes
Engineering Bricks,Bricks,Structural Load-bearing,High,High,High,High,Yes
Fly Ash Lime Bricks,Bricks,Green Building Projects,Low,Medium,Medium,High,Yes
Perforated Bricks,Bricks,Modern Architectural Designs,Medium,Low,Low,High,Yes
Silica Bricks,Bricks,High-temperature Resistance,High,High,High,High,Yes
Refractory Bricks,Bricks,Industrial Furnaces,High,High,High,High,Yes
Interlocking Bricks,Bricks,Quick & Easy Assembly,Medium,Medium,Medium,High,Yes
Calcium Silicate Bricks,Bricks,Moisture-resistant Walls,High,Medium,High,High,Yes
Cement Bricks,Bricks,Heavy-duty Construction,Low,Medium,High,High,Yes
Thermal Insulated Bricks,Bricks,Climate-controlled Buildings,Medium,High,Medium,High,Yes
Hydraulic Pressed Bricks,Bricks,Compressed Strength Applications,High,High,High,High,Yes
Red Sand Bricks,Bricks,Traditional Residential Buildings,Medium,Low,Low,High,Yes
Autoclaved Aerated Concrete Bricks,Bricks,Lightweight Construction,Medium,High,Medium,Medium,Yes
Fly Ash Cement Bricks,Bricks,Green Building Applications,Medium,Medium,Medium,High,Yes
Solid Clay Bricks,Bricks,Load-bearing Structures,Low,Medium,High,High,Yes
Water Resistant Bricks,Bricks,Flood-Prone Areas,High,High,High,High,Yes
Thermally Insulated Bricks,Bricks,Climate-Controlled Buildings,Low,High,Medium,High,Yes
Industrial Heavy-duty Bricks,Bricks,Heavy Load Structures,High,High,High,High,Yes
Recycled Material Bricks,Bricks,Environmentally Sustainable Projects,Medium,Medium,Medium,Low,No
Perforated Hollow Bricks,Bricks,Energy-efficient Homes,Low,Medium,Medium,High,Yes
Silica Heavy-load Bricks,Bricks,Structural Load-bearing,High,High,High,Low,No
Calcium Reinforced Bricks,Bricks,Moisture-Resistant Construction,High,Medium,High,High,Yes
Compressed Mud Bricks,Bricks,Eco-friendly Construction,Medium,High,Low,Medium,Yes
Hybrid Fly Ash Bricks,Bricks,Durable Housing Projects,High,Medium,Medium,High,Yes
Lightweight Fiber Bricks,Bricks,Modern Architectural Designs,Low,Low,Low,Medium,Yes
Porous Soundproof Bricks,Bricks,Insulated Interiors,Medium,High,Medium,High,Yes
Industrial Fireproof Bricks,Bricks,High-Temperature Resistance,Low,High,High,Low,No
Smart Interlocking Bricks,Bricks,Efficient Assembly & Construction,Medium,Medium,Medium,High,Yes
Cement Bonded Bricks,Bricks,Durable Structural Walls,High,Medium,High,High,Yes
Hydraulic Pressed Bricks,Bricks,Compressed Strength Applications,High,High,High,High,Yes
Nano-treated Bricks,Bricks,Advanced Sustainable Engineering,Medium,Medium,Medium,Low,Yes
Dense Concrete Bricks,Bricks,Heavy-duty Load-bearing Structures,Low,High,High,High,Yes
Ceramic-Coated Bricks,Bricks,Premium Architectural Designs,Medium,High,Medium,High,Yes
Ultra-Lightweight Bricks,Bricks,Modern Eco-friendly Homes,Medium,Medium,Medium,Medium,Yes
Industrial Thermal Bricks,Bricks,High-Temperature Resistant Applications,High,High,High,High,Yes
Fibre Reinforced Bricks,Bricks,Heavy-Duty Structures,Low,Medium,High,High,Yes
Self-healing Cement Bricks,Bricks,Smart Sustainable Construction,Medium,Medium,Medium,Medium,Yes
Vacuum Insulated Bricks,Bricks,Advanced Energy-efficient Homes,Medium,High,High,High,Yes
Nano-Porous Soundproof Bricks,Bricks,Insulated Industrial Infrastructure,Medium,High,Medium,High,Yes
Heavy Load-bearing Concrete Bricks,Bricks,Bridges & Highway Construction,High,High,High,High,Yes
Aerated Hybrid Concrete Bricks,Bricks,Lightweight Sustainable Buildings,Medium,Medium,Medium,Low,Yes
Interlocked Structural Bricks,Bricks,Quick Assembly Load-bearing Walls,Medium,Medium,Medium,High,Yes
Ultra-Durable Cement Blocks,Bricks,Urban Construction & Infrastructure,High,Medium,High,High,Yes
Fireproof Lightweight Bricks,Bricks,Disaster-proof Structures,Low,High,High,High,Yes
Magnesium Infused Eco-Bricks,Bricks,Green Building Technologies,Medium,High,Medium,Low,Yes
Ultra High Compressed Blocks,Bricks,Heavy-Duty Urban Engineering,High,Medium,High,High,Yes
Clay Composite Reinforced Bricks,Bricks,Premium Residential Construction,Medium,Low,Low,High,Yes
Silicate Bonded Fire Bricks,Bricks,Heat Resistant Industrial Designs,High,High,High,High,Yes
Sustainable Hybrid Bricks,Bricks,Smart Energy-efficient Buildings,Low,Medium,Medium,Low,Yes
Quick-Set Architectural Bricks,Bricks,Rapid Modular Structures,Medium,Medium,Medium,High,Yes
Nano-Ceramic Advanced Bricks,Bricks,Innovative Sustainable Infrastructure,Medium,High,Medium,Medium,Yes
Hybrid Concrete Insulated Bricks,Bricks,Urban Housing & Infrastructure,Low,High,Medium,Medium,Yes
Super Dense Reinforced Bricks,Bricks,Bridges & Heavy Construction,High,High,High,High,Yes
Nano-Sealed Moisture Resistant Bricks,Bricks,Advanced Water-proofing Walls,Medium,High,Medium,Low,Yes
Compressed Earth Structural Bricks,Bricks,Eco-Friendly Residential Homes,Medium,Medium,Low,High,Yes
Industrial Heat Resistant Bricks,Bricks,Fireproof Infrastructure,High,High,High,High,Yes
Magnesium Infused Sustainable Blocks,Bricks,Smart Green Engineering,Medium,High,Medium,Low,Yes
Quick Assembly Interlocking Blocks,Bricks,Rapid Construction Systems,Medium,Medium,Medium,High,Yes
Heavy-Duty Load Bearing Bricks,Bricks,Urban Structural Support,High,High,High,High,Yes
Clay Composite Advanced Bricks,Bricks,Architectural Framework,Medium,Low,Low,High,Yes
Vacuum Insulated Ultra-Light Bricks,Bricks,Energy-Efficient Buildings,Medium,High,Medium,Medium,Yes
Self-Healing Cement Bricks,Bricks,Modern Smart Structures,Medium,Medium,Medium,Low,Yes
Carbon-Sealed Soundproof Bricks,Bricks,Insulated Residential Walls,Low,High,Medium,High,Yes
Ultra High-Density Compressed Blocks,Bricks,Durable Foundations & Roadways,High,High,High,High,Yes
Silica Bonded Heat Resistant Bricks,Bricks,High-Temperature Industrial Zones,High,High,High,High,Yes
Advanced Structural Reinforced Bricks,Bricks,Long-Lasting Infrastructure,Low,Medium,High,High,Yes
Nano-Coated Rapid-Set Bricks,Bricks,Fast-track Construction Projects,Medium,Medium,Medium,High,Yes
Ultra Durable Cemented Blocks,Bricks,Heavy-duty Building Support,High,Medium,High,High,Yes
Hybrid Thermal Insulated Bricks,Bricks,Climate-Controlled Housing,Medium,High,Medium,High,Yes
High Performance Aerated Blocks,Bricks,Lightweight Sustainable Designs,Medium,Medium,Medium,Low,Yes
Advanced Moisture-Control Bricks,Bricks,Water-Proof Industrial Walls,Low,High,High,High,Yes
Ultra-Durable Fireproof Bricks,Bricks,Industrial Furnace Lining,High,High,High,High,Yes
Hybrid Cement-Coated Bricks,Bricks,Enhanced Moisture Resistance,Medium,Medium,Medium,Medium,Yes
Lightweight Composite Blocks,Bricks,Modern Residential Walls,Medium,Medium,Medium,High,Yes
Nano-Treated Thermal Bricks,Bricks,Energy-Efficient Building Solutions,Low,High,Medium,High,Yes
Ultra-Dense Load-Bearing Bricks,Bricks,Structural Reinforcement,High,High,High,High,Yes
Eco-Reinforced Green Bricks,Bricks,Sustainable Urban Infrastructure,Medium,High,Medium,Medium,Yes
Advanced Interlocked Structural Bricks,Bricks,Quick Assembly Buildings,Medium,Medium,Medium,High,Yes
Porous Acoustic Insulation Bricks,Bricks,Soundproof Architectural Walls,Low,High,Medium,High,Yes
Silica Bonded Ultra-Firm Bricks,Bricks,Heavy-Duty Commercial Structures,High,High,High,High,Yes
Nano-Enhanced Water Resistant Blocks,Bricks,Waterproofing & Insulated Designs,Medium,High,Medium,Low,Yes
Smart Self-Sealing Cement Bricks,Bricks,Advanced Eco-Engineering,Medium,Medium,Medium,Low,Yes
Carbon Fiber Reinforced Bricks,Bricks,Industrial Heavy-Load Frameworks,High,High,High,High,Yes
Ultra High-Density Bridge Blocks,Bricks,Large Infrastructure Projects,Low,High,High,High,Yes
Advanced Vacuum Sealed Bricks,Bricks,Heat-Resistant Applications,Medium,High,Medium,Medium,Yes
Heavy-Duty Flood-Proof Bricks,Bricks,Water Resistant Barrier Walls,High,High,High,High,Yes
Hybrid Recycled Material Bricks,Bricks,Environmentally Sustainable Projects,Medium,Medium,Medium,Medium,Yes
Interlocking Earth Compressed Bricks,Bricks,Green Building Techniques,Medium,Medium,Medium,Low,Yes
Thermal Insulated Load-Bearing Bricks,Bricks,Energy-Efficient Frameworks,Medium,High,Medium,High,Yes
Nano-Coated Rapid Set Bricks,Bricks,Quick Construction Projects,Low,Medium,Medium,High,Yes
Heavy Reinforced Cement Blocks,Bricks,Urban Engineering & Infrastructure,High,Medium,High,High,Yes
